{
    "ACL2022_01": {
        "PPL": 17.035688400268555,
        "Rouge-L": 0.20913884007029876,
        "LLM-Judge": 9.0
    },
    "ACL2022_02": {
        "PPL": 22.807666778564453,
        "Rouge-L": 0.09405081268739152,
        "LLM-Judge": 8.0
    },
    "ACL2023_01": {
        "PPL": 12.927523612976074,
        "Rouge-L": 0.25195482189400525,
        "LLM-Judge": 8.0
    },
    "ACL2023_02": {
        "PPL": 49.78440475463867,
        "Rouge-L": 0.07583342208967941,
        "LLM-Judge": 9.0
    },
    "ACL2023_03": {
        "PPL": 15.69559097290039,
        "Rouge-L": 0.11100417067693295,
        "LLM-Judge": 9.0
    },
    "ACL2024_01": {
        "PPL": 27.251115798950195,
        "Rouge-L": 0.0896043444530644,
        "LLM-Judge": 8.0
    },
    "ACL2024_02": {
        "PPL": 26.684099197387695,
        "Rouge-L": 0.15911431513903193,
        "LLM-Judge": 7.0
    },
    "ACL2024_03": {
        "PPL": 23.106266021728516,
        "Rouge-L": 0.07751111111111111,
        "LLM-Judge": 9.0
    },
    "ACL2025_01": {
        "PPL": 28.390050888061523,
        "Rouge-L": 0.0997393570807993,
        "LLM-Judge": 9.0
    },
    "ACL2025_02": {
        "PPL": 24.109230041503906,
        "Rouge-L": 0.37749546279491836,
        "LLM-Judge": 10.0
    },
    "CVPR2022_01": {
        "PPL": 25.980758666992188,
        "Rouge-L": 0.06634216693708311,
        "LLM-Judge": 9.0
    },
    "CVPR2022_02": {
        "PPL": 21.073991775512695,
        "Rouge-L": 0.09565029214455745,
        "LLM-Judge": 8.0
    },
    "CVPR2023_01": {
        "PPL": 20.640941619873047,
        "Rouge-L": 0.1288936627282492,
        "LLM-Judge": 9.0
    },
    "CVPR2023_02": {
        "PPL": 15.978930473327637,
        "Rouge-L": 0.13029913745641403,
        "LLM-Judge": 9.0
    },
    "CVPR2024_02": {
        "PPL": 19.723310470581055,
        "Rouge-L": 0.14569536423841062,
        "LLM-Judge": 9.0
    },
    "CVPR2024_03": {
        "PPL": 22.260421752929688,
        "Rouge-L": 0.07263131440060316,
        "LLM-Judge": 8.0
    },
    "CVPR2025_01": {
        "PPL": 18.619375228881836,
        "Rouge-L": 0.12701572765279712,
        "LLM-Judge": 8.0
    },
    "CVPR2025_02": {
        "PPL": 28.98100471496582,
        "Rouge-L": 0.08736217133163697,
        "LLM-Judge": 7.0
    },
    "CVPR2025_03": {
        "PPL": 22.05506134033203,
        "Rouge-L": 0.10926694329183956,
        "LLM-Judge": 10.0
    },
    "ICLR2022_01": {
        "PPL": 18.523658752441406,
        "Rouge-L": 0.07801114444920702,
        "LLM-Judge": 9.0
    },
    "ICLR2023_01": {
        "PPL": 17.964269638061523,
        "Rouge-L": 0.0808876163206872,
        "LLM-Judge": 8.0
    },
    "ICLR2023_02": {
        "PPL": 40.66267395019531,
        "Rouge-L": 0.10186448385629833,
        "LLM-Judge": 6.0
    },
    "ICLR2023_03": {
        "PPL": 20.9576416015625,
        "Rouge-L": 0.0905360029847034,
        "LLM-Judge": 8.0
    },
    "ICLR2024_01": {
        "PPL": 26.522987365722656,
        "Rouge-L": 0.05011332158146563,
        "LLM-Judge": 9.0
    },
    "ICLR2024_02": {
        "PPL": 24.747299194335938,
        "Rouge-L": 0.10417067076686527,
        "LLM-Judge": 9.0
    },
    "ICLR2025_01": {
        "PPL": 22.069988250732422,
        "Rouge-L": 0.2135408045025658,
        "LLM-Judge": 9.0
    },
    "ICLR2025_02": {
        "PPL": 22.72031021118164,
        "Rouge-L": 0.11940298507462686,
        "LLM-Judge": 9.0
    },
    "ICLR2025_03": {
        "PPL": 15.990089416503906,
        "Rouge-L": 0.07878898413277402,
        "LLM-Judge": 9.0
    },
    "ICML2020_01": {
        "PPL": 28.079574584960938,
        "Rouge-L": 0.1029663434112949,
        "LLM-Judge": 8.0
    },
    "ICML2020_02": {
        "PPL": 10.947368621826172,
        "Rouge-L": 0.1395213923132705,
        "LLM-Judge": 9.0
    },
    "ICML2022_01": {
        "PPL": 24.655851364135742,
        "Rouge-L": 0.06886568090166477,
        "LLM-Judge": 9.0
    },
    "ICML2022_02": {
        "PPL": 19.8772029876709,
        "Rouge-L": 0.053963233840679976,
        "LLM-Judge": 7.0
    },
    "ICML2022_03": {
        "PPL": 38.713687896728516,
        "Rouge-L": 0.0630575207628422,
        "LLM-Judge": 8.0
    },
    "ICML2023_01": {
        "PPL": 22.087480545043945,
        "Rouge-L": 0.09377007064868335,
        "LLM-Judge": 1.0
    },
    "ICML2023_02": {
        "PPL": 18.07747459411621,
        "Rouge-L": 0.10254787149865484,
        "LLM-Judge": 9.0
    },
    "ICML2023_03": {
        "PPL": 25.09446144104004,
        "Rouge-L": 0.0948563794255177,
        "LLM-Judge": 8.0
    },
    "ICML2024_01": {
        "PPL": 19.294921875,
        "Rouge-L": 0.12478386167146972,
        "LLM-Judge": 8.0
    },
    "ICML2024_02": {
        "PPL": 23.024784088134766,
        "Rouge-L": 0.12177873666546805,
        "LLM-Judge": 9.0
    },
    "NeurIPS2021_01": {
        "PPL": 18.011823654174805,
        "Rouge-L": 0.13464071418117957,
        "LLM-Judge": 9.0
    },
    "NeurIPS2021_02": {
        "PPL": 41.92234802246094,
        "Rouge-L": 0.11743486973947896,
        "LLM-Judge": 8.0
    },
    "NeurIPS2021_03": {
        "PPL": 22.764488220214844,
        "Rouge-L": 0.09150819054791941,
        "LLM-Judge": 8.0
    },
    "NeurIPS2022_01": {
        "PPL": 19.873401641845703,
        "Rouge-L": 0.08056247253552073,
        "LLM-Judge": 9.0
    },
    "NeurIPS2022_02": {
        "PPL": 16.861669540405273,
        "Rouge-L": 0.07343608340888487,
        "LLM-Judge": 4.0
    },
    "NeurIPS2023_01": {
        "PPL": 29.279464721679688,
        "Rouge-L": 0.06817583574624901,
        "LLM-Judge": 9.0
    },
    "NeurIPS2024_01": {
        "PPL": 27.720849990844727,
        "Rouge-L": 0.07107350608143839,
        "LLM-Judge": 8.0
    },
    "NeurIPS2024_02": {
        "PPL": 41.45547103881836,
        "Rouge-L": 0.11013326628111643,
        "LLM-Judge": 4.0
    },
    "average_scores": {
        "PPL": 23.93492773304815,
        "Rouge-L": 0.11171729307629026,
        "LLM-Judge": 8.130434782608695
    }
}