{
    "ACL2022_01": {
        "PPL": 19.89598274230957,
        "Rouge-L": 0.08584842387659289,
        "LLM-Judge": 9.0
    },
    "ACL2023_02": {
        "PPL": 33.5889892578125,
        "Rouge-L": 0.027239508360093014,
        "LLM-Judge": 9.0
    },
    "ACL2023_03": {
        "PPL": 30.679250717163086,
        "Rouge-L": 0.04891206617514836,
        "LLM-Judge": 9.0
    },
    "ACL2024_01": {
        "PPL": 27.27480125427246,
        "Rouge-L": 0.07420778178900923,
        "LLM-Judge": 9.0
    },
    "ACL2024_03": {
        "PPL": 17.43418312072754,
        "Rouge-L": 0.06202393906420021,
        "LLM-Judge": 9.0
    },
    "ACL2025_01": {
        "PPL": 25.246898651123047,
        "Rouge-L": 0.05375380756136893,
        "LLM-Judge": 9.0
    },
    "average_scores": {
        "PPL": 25.686684290568035,
        "Rouge-L": 0.05866425447106877,
        "LLM-Judge": 9.0
    }
}