{
    "ACL2022_01": {
        "PPL": 17.542903900146484,
        "Rouge-L": 0.1822993237283152,
        "LLM-Judge": 10.0
    },
    "ACL2022_02": {
        "PPL": 21.25519371032715,
        "Rouge-L": 0.12999685237645575,
        "LLM-Judge": 10.0
    },
    "ACL2023_01": {
        "PPL": 13.88621711730957,
        "Rouge-L": 0.15421686746987953,
        "LLM-Judge": 9.0
    },
    "ACL2023_02": {
        "PPL": 18.92934226989746,
        "Rouge-L": 0.09761057447890187,
        "LLM-Judge": 9.0
    },
    "ACL2023_03": {
        "PPL": 19.18271255493164,
        "Rouge-L": 0.14922571562646647,
        "LLM-Judge": 9.0
    },
    "ACL2024_01": {
        "PPL": 19.633480072021484,
        "Rouge-L": 0.18306154655444504,
        "LLM-Judge": 9.0
    },
    "ACL2024_02": {
        "PPL": 15.653741836547852,
        "Rouge-L": 0.2692924204259217,
        "LLM-Judge": 9.0
    },
    "ACL2024_03": {
        "PPL": 19.150962829589844,
        "Rouge-L": 0.14491813908250933,
        "LLM-Judge": 9.0
    },
    "ACL2025_01": {
        "PPL": 17.135398864746094,
        "Rouge-L": 0.12997432605905007,
        "LLM-Judge": 10.0
    },
    "ACL2025_02": {
        "PPL": 19.428041458129883,
        "Rouge-L": 0.19617224880382778,
        "LLM-Judge": 10.0
    },
    "CVPR2022_01": {
        "PPL": 17.427486419677734,
        "Rouge-L": 0.14372794353545076,
        "LLM-Judge": 10.0
    },
    "CVPR2022_02": {
        "PPL": 14.107396125793457,
        "Rouge-L": 0.14846802385358832,
        "LLM-Judge": 10.0
    },
    "CVPR2023_01": {
        "PPL": 17.49345588684082,
        "Rouge-L": 0.18009798952525766,
        "LLM-Judge": 10.0
    },
    "CVPR2023_02": {
        "PPL": 14.779454231262207,
        "Rouge-L": 0.1287569573283859,
        "LLM-Judge": 10.0
    },
    "CVPR2024_01": {
        "PPL": 13.29987621307373,
        "Rouge-L": 0.21073776479181885,
        "LLM-Judge": 10.0
    },
    "CVPR2024_02": {
        "PPL": 20.492889404296875,
        "Rouge-L": 0.1853159195199435,
        "LLM-Judge": 9.0
    },
    "CVPR2024_03": {
        "PPL": 24.527536392211914,
        "Rouge-L": 0.11103185924869234,
        "LLM-Judge": 9.0
    },
    "CVPR2025_01": {
        "PPL": 18.141647338867188,
        "Rouge-L": 0.16982977890823714,
        "LLM-Judge": 10.0
    },
    "CVPR2025_02": {
        "PPL": 20.947175979614258,
        "Rouge-L": 0.2068300212232298,
        "LLM-Judge": 10.0
    },
    "CVPR2025_03": {
        "PPL": 18.9715633392334,
        "Rouge-L": 0.15555555555555556,
        "LLM-Judge": 10.0
    },
    "ICLR2022-02": {
        "PPL": 15.861957550048828,
        "Rouge-L": 0.16604924820222272,
        "LLM-Judge": 10.0
    },
    "ICLR2022_01": {
        "PPL": 15.324142456054688,
        "Rouge-L": 0.13013606358615118,
        "LLM-Judge": 9.0
    },
    "ICLR2023_01": {
        "PPL": 17.829376220703125,
        "Rouge-L": 0.13817330210772838,
        "LLM-Judge": 10.0
    },
    "ICLR2023_02": {
        "PPL": 20.58125877380371,
        "Rouge-L": 0.15293582157487481,
        "LLM-Judge": 10.0
    },
    "ICLR2024_01": {
        "PPL": 22.70596694946289,
        "Rouge-L": 0.09941867362676475,
        "LLM-Judge": 10.0
    },
    "ICLR2024_02": {
        "PPL": 18.050222396850586,
        "Rouge-L": 0.1860385144429161,
        "LLM-Judge": 10.0
    },
    "ICLR2025_02": {
        "PPL": 16.68144416809082,
        "Rouge-L": 0.21553148522122267,
        "LLM-Judge": 9.0
    },
    "ICML2020_01": {
        "PPL": 19.48666000366211,
        "Rouge-L": 0.11419392523364486,
        "LLM-Judge": 10.0
    },
    "ICML2020_02": {
        "PPL": 15.096019744873047,
        "Rouge-L": 0.14564520827264785,
        "LLM-Judge": 10.0
    },
    "ICML2022_01": {
        "PPL": 18.69260597229004,
        "Rouge-L": 0.07233423404697568,
        "LLM-Judge": 10.0
    },
    "ICML2022_02": {
        "PPL": 21.0998592376709,
        "Rouge-L": 0.09653259361997227,
        "LLM-Judge": 10.0
    },
    "ICML2022_03": {
        "PPL": 16.171823501586914,
        "Rouge-L": 0.11526881720430109,
        "LLM-Judge": 9.0
    },
    "ICML2023_01": {
        "PPL": 19.924644470214844,
        "Rouge-L": 0.12210383899881616,
        "LLM-Judge": 9.0
    },
    "ICML2023_02": {
        "PPL": 16.142635345458984,
        "Rouge-L": 0.1451753115039119,
        "LLM-Judge": 10.0
    },
    "ICML2023_03": {
        "PPL": 17.060466766357422,
        "Rouge-L": 0.14561096064999202,
        "LLM-Judge": 10.0
    },
    "ICML2024_01": {
        "PPL": 27.227705001831055,
        "Rouge-L": 0.11720226843100189,
        "LLM-Judge": 10.0
    },
    "ICML2024_02": {
        "PPL": 17.243104934692383,
        "Rouge-L": 0.09604122745373624,
        "LLM-Judge": 9.0
    },
    "NeurIPS2021_02": {
        "PPL": 22.23957633972168,
        "Rouge-L": 0.20378189829263815,
        "LLM-Judge": 10.0
    },
    "NeurIPS2022_02": {
        "PPL": 17.087841033935547,
        "Rouge-L": 0.10844748858447488,
        "LLM-Judge": 10.0
    },
    "NeurIPS2023_01": {
        "PPL": 16.360870361328125,
        "Rouge-L": 0.13171876930680834,
        "LLM-Judge": 10.0
    },
    "NeurIPS2023_02": {
        "PPL": 16.27159309387207,
        "Rouge-L": 0.1763930102209034,
        "LLM-Judge": 10.0
    },
    "NeurIPS2024_01": {
        "PPL": 19.62551498413086,
        "Rouge-L": 0.1121590102423689,
        "LLM-Judge": 10.0
    },
    "NeurIPS2024_02": {
        "PPL": 22.367990493774414,
        "Rouge-L": 0.24048484848484847,
        "LLM-Judge": 10.0
    },
    "NeurIPS2024_03": {
        "PPL": 14.831400871276855,
        "Rouge-L": 0.08567654274391395,
        "LLM-Judge": 10.0
    },
    "average_scores": {
        "PPL": 18.31707174127752,
        "Rouge-L": 0.1498675656851993,
        "LLM-Judge": 9.704545454545455
    }
}