{
    "ACL2022_01": {
        "PPL": 18.083297729492188,
        "Rouge-L": 0.21921921921921922,
        "LLM-Judge": 8.0
    },
    "ACL2022_02": {
        "PPL": 22.561437606811523,
        "Rouge-L": 0.20623361491406933,
        "LLM-Judge": 8.0
    },
    "ACL2023_01": {
        "PPL": 15.95715045928955,
        "Rouge-L": 0.22718548246379341,
        "LLM-Judge": 9.0
    },
    "ACL2023_02": {
        "PPL": 25.297962188720703,
        "Rouge-L": 0.08066701406982804,
        "LLM-Judge": 8.0
    },
    "ACL2023_03": {
        "PPL": 26.943618774414062,
        "Rouge-L": 0.0729590933238888,
        "LLM-Judge": 9.0
    },
    "ACL2024_01": {
        "PPL": 16.81682014465332,
        "Rouge-L": 0.15201810637495286,
        "LLM-Judge": 8.0
    },
    "ACL2024_02": {
        "PPL": 22.396503448486328,
        "Rouge-L": 0.18891491022638565,
        "LLM-Judge": 9.0
    },
    "ACL2024_03": {
        "PPL": 25.193166732788086,
        "Rouge-L": 0.1663573477307238,
        "LLM-Judge": 9.0
    },
    "ACL2025_01": {
        "PPL": 25.987041473388672,
        "Rouge-L": 0.12616584704086822,
        "LLM-Judge": 9.0
    },
    "CVPR2022_01": {
        "PPL": 20.053348541259766,
        "Rouge-L": 0.11031593646360623,
        "LLM-Judge": 9.0
    },
    "CVPR2022_02": {
        "PPL": 16.52665901184082,
        "Rouge-L": 0.13997423787033061,
        "LLM-Judge": 9.0
    },
    "CVPR2023_01": {
        "PPL": 28.50979232788086,
        "Rouge-L": 0.09451279047061119,
        "LLM-Judge": 9.0
    },
    "CVPR2023_02": {
        "PPL": 16.03087615966797,
        "Rouge-L": 0.17718360071301245,
        "LLM-Judge": 9.0
    },
    "CVPR2024_01": {
        "PPL": 15.575578689575195,
        "Rouge-L": 0.24173073484713037,
        "LLM-Judge": 7.0
    },
    "CVPR2024_02": {
        "PPL": 19.57164764404297,
        "Rouge-L": 0.15569297926518738,
        "LLM-Judge": 9.0
    },
    "CVPR2024_03": {
        "PPL": 31.342676162719727,
        "Rouge-L": 0.07939317319848294,
        "LLM-Judge": 9.0
    },
    "CVPR2025_01": {
        "PPL": 17.828462600708008,
        "Rouge-L": 0.18124507486209615,
        "LLM-Judge": 9.0
    },
    "CVPR2025_02": {
        "PPL": 22.288803100585938,
        "Rouge-L": 0.16673648931713447,
        "LLM-Judge": 9.0
    },
    "CVPR2025_03": {
        "PPL": 24.851713180541992,
        "Rouge-L": 0.11303511303511304,
        "LLM-Judge": 10.0
    },
    "ICLR2022-02": {
        "PPL": 17.589269638061523,
        "Rouge-L": 0.16165165824730945,
        "LLM-Judge": 4.0
    },
    "ICLR2022_01": {
        "PPL": 31.735309600830078,
        "Rouge-L": 0.06875365710942072,
        "LLM-Judge": 9.0
    },
    "ICLR2023_01": {
        "PPL": 24.75847053527832,
        "Rouge-L": 0.14569536423841062,
        "LLM-Judge": 8.0
    },
    "ICLR2023_02": {
        "PPL": 19.249515533447266,
        "Rouge-L": 0.06988973706530958,
        "LLM-Judge": 8.0
    },
    "ICLR2023_03": {
        "PPL": 23.83161735534668,
        "Rouge-L": 0.16601815823605706,
        "LLM-Judge": 7.0
    },
    "ICLR2024_01": {
        "PPL": 30.991722106933594,
        "Rouge-L": 0.07973421926910298,
        "LLM-Judge": -1.0
    },
    "ICLR2024_02": {
        "PPL": 21.96498680114746,
        "Rouge-L": 0.13583760197306013,
        "LLM-Judge": 9.0
    },
    "ICLR2025_01": {
        "PPL": 25.446809768676758,
        "Rouge-L": 0.08577068006459716,
        "LLM-Judge": 9.0
    },
    "ICLR2025_02": {
        "PPL": 18.508216857910156,
        "Rouge-L": 0.1589155370177268,
        "LLM-Judge": 9.0
    },
    "ICLR2025_03": {
        "PPL": 27.160133361816406,
        "Rouge-L": 0.07693751172827924,
        "LLM-Judge": 8.0
    },
    "ICML2020_01": {
        "PPL": 21.875627517700195,
        "Rouge-L": 0.07815600671653182,
        "LLM-Judge": 9.0
    },
    "ICML2020_02": {
        "PPL": 15.537546157836914,
        "Rouge-L": 0.16399132321041215,
        "LLM-Judge": 8.0
    },
    "ICML2022_01": {
        "PPL": 19.232290267944336,
        "Rouge-L": 0.042690121205620504,
        "LLM-Judge": 9.0
    },
    "ICML2022_02": {
        "PPL": 22.66448211669922,
        "Rouge-L": 0.06694973832329416,
        "LLM-Judge": 9.0
    },
    "ICML2022_03": {
        "PPL": 23.063385009765625,
        "Rouge-L": 0.07563412759415833,
        "LLM-Judge": 9.0
    },
    "ICML2023_02": {
        "PPL": 21.07175636291504,
        "Rouge-L": 0.0831733845169546,
        "LLM-Judge": -1.0
    },
    "ICML2023_03": {
        "PPL": 26.269479751586914,
        "Rouge-L": 0.11296359305886354,
        "LLM-Judge": 8.0
    },
    "ICML2024_01": {
        "PPL": 22.158254623413086,
        "Rouge-L": 0.09507811187636486,
        "LLM-Judge": 9.0
    },
    "ICML2024_02": {
        "PPL": 23.038192749023438,
        "Rouge-L": 0.08592628051699377,
        "LLM-Judge": 9.0
    },
    "NeurIPS2021_01": {
        "PPL": 24.79300308227539,
        "Rouge-L": 0.10595021250758956,
        "LLM-Judge": 9.0
    },
    "NeurIPS2021_02": {
        "PPL": 45.506866455078125,
        "Rouge-L": 0.17630744849445323,
        "LLM-Judge": 9.0
    },
    "NeurIPS2021_03": {
        "PPL": 24.109994888305664,
        "Rouge-L": 0.0919364106493009,
        "LLM-Judge": 9.0
    },
    "NeurIPS2022_01": {
        "PPL": 18.510040283203125,
        "Rouge-L": 0.09004808392831123,
        "LLM-Judge": 9.0
    },
    "NeurIPS2022_02": {
        "PPL": 22.54061508178711,
        "Rouge-L": 0.10016593754714136,
        "LLM-Judge": 9.0
    },
    "NeurIPS2023_01": {
        "PPL": 20.946941375732422,
        "Rouge-L": 0.09800879234548746,
        "LLM-Judge": 9.0
    },
    "NeurIPS2024_01": {
        "PPL": 18.272655487060547,
        "Rouge-L": 0.05658136270381169,
        "LLM-Judge": 9.0
    },
    "NeurIPS2024_02": {
        "PPL": 26.232059478759766,
        "Rouge-L": 0.19486364839819964,
        "LLM-Judge": 9.0
    },
    "NeurIPS2024_03": {
        "PPL": 20.779897689819336,
        "Rouge-L": 0.06556089900873491,
        "LLM-Judge": 8.0
    },
    "average_scores": {
        "PPL": 22.75863182798345,
        "Rouge-L": 0.12410064623314747,
        "LLM-Judge": 8.6
    }
}