{
    "ACL2022_01": {
        "PPL": 16.126508712768555,
        "Rouge-L": 0.10385259631490788,
        "LLM-Judge": 9.0
    },
    "ACL2022_02": {
        "PPL": 18.48811912536621,
        "Rouge-L": 0.06208810267082901,
        "LLM-Judge": 9.0
    },
    "ACL2023_01": {
        "PPL": 22.356670379638672,
        "Rouge-L": 0.0768909318846636,
        "LLM-Judge": 10.0
    },
    "ACL2023_02": {
        "PPL": 21.820127487182617,
        "Rouge-L": 0.04506367693479918,
        "LLM-Judge": 10.0
    },
    "ACL2023_03": {
        "PPL": 19.412540435791016,
        "Rouge-L": 0.06378050953144486,
        "LLM-Judge": 9.0
    },
    "ACL2024_01": {
        "PPL": 11.71346378326416,
        "Rouge-L": 0.1686526122823098,
        "LLM-Judge": 9.0
    },
    "ACL2024_02": {
        "PPL": 19.457815170288086,
        "Rouge-L": 0.10704884469143024,
        "LLM-Judge": 9.0
    },
    "ACL2024_03": {
        "PPL": 17.866661071777344,
        "Rouge-L": 0.08824580207216862,
        "LLM-Judge": 9.0
    },
    "ACL2025_01": {
        "PPL": 19.15766143798828,
        "Rouge-L": 0.10173010380622836,
        "LLM-Judge": 10.0
    },
    "ACL2025_02": {
        "PPL": 37.2088737487793,
        "Rouge-L": 0.04151785714285714,
        "LLM-Judge": 9.0
    },
    "CVPR2022_01": {
        "PPL": 16.889938354492188,
        "Rouge-L": 0.08469513266561238,
        "LLM-Judge": 9.0
    },
    "CVPR2023_02": {
        "PPL": 11.677520751953125,
        "Rouge-L": 0.07046506945842561,
        "LLM-Judge": 9.0
    },
    "CVPR2024_01": {
        "PPL": 13.499743461608887,
        "Rouge-L": 0.11496196111580727,
        "LLM-Judge": 9.0
    },
    "CVPR2024_02": {
        "PPL": 13.946199417114258,
        "Rouge-L": 0.074864157778225,
        "LLM-Judge": 9.0
    },
    "CVPR2024_03": {
        "PPL": 20.56000328063965,
        "Rouge-L": 0.04878048780487805,
        "LLM-Judge": 9.0
    },
    "CVPR2025_01": {
        "PPL": 16.142038345336914,
        "Rouge-L": 0.11244121419410003,
        "LLM-Judge": 9.0
    },
    "CVPR2025_02": {
        "PPL": 22.09653091430664,
        "Rouge-L": 0.08891867739052725,
        "LLM-Judge": 9.0
    },
    "CVPR2025_03": {
        "PPL": 19.983522415161133,
        "Rouge-L": 0.10818573480134035,
        "LLM-Judge": 10.0
    },
    "ICLR2022-02": {
        "PPL": 13.620741844177246,
        "Rouge-L": 0.11173456940717247,
        "LLM-Judge": 9.0
    },
    "ICLR2022_01": {
        "PPL": 18.99873161315918,
        "Rouge-L": 0.06285798208253782,
        "LLM-Judge": 9.0
    },
    "ICLR2023_01": {
        "PPL": 16.046974182128906,
        "Rouge-L": 0.07538883806038427,
        "LLM-Judge": 9.0
    },
    "ICLR2023_03": {
        "PPL": 13.834128379821777,
        "Rouge-L": 0.07132813498657804,
        "LLM-Judge": 9.0
    },
    "ICLR2024_01": {
        "PPL": 21.303985595703125,
        "Rouge-L": 0.05377166156982671,
        "LLM-Judge": 9.0
    },
    "ICLR2024_02": {
        "PPL": 17.780864715576172,
        "Rouge-L": 0.09285992976980101,
        "LLM-Judge": 10.0
    },
    "ICLR2025_02": {
        "PPL": 14.525838851928711,
        "Rouge-L": 0.10579016107966914,
        "LLM-Judge": 10.0
    },
    "ICLR2025_03": {
        "PPL": 16.357555389404297,
        "Rouge-L": 0.3293854033290653,
        "LLM-Judge": 10.0
    },
    "ICML2020_01": {
        "PPL": 16.461353302001953,
        "Rouge-L": 0.06813996316758747,
        "LLM-Judge": 9.0
    },
    "ICML2020_02": {
        "PPL": 14.708742141723633,
        "Rouge-L": 0.06632736824823511,
        "LLM-Judge": 9.0
    },
    "ICML2022_01": {
        "PPL": 11.18905258178711,
        "Rouge-L": 0.040913006029285104,
        "LLM-Judge": 9.0
    },
    "ICML2022_02": {
        "PPL": 23.319244384765625,
        "Rouge-L": 0.051968660120995734,
        "LLM-Judge": 9.0
    },
    "ICML2022_03": {
        "PPL": 16.88455581665039,
        "Rouge-L": 0.06216972334473113,
        "LLM-Judge": 9.0
    },
    "ICML2023_01": {
        "PPL": 26.711463928222656,
        "Rouge-L": 0.07400555041628123,
        "LLM-Judge": 9.0
    },
    "ICML2023_02": {
        "PPL": 20.163179397583008,
        "Rouge-L": 0.05122273628552545,
        "LLM-Judge": 10.0
    },
    "ICML2023_03": {
        "PPL": 18.01428985595703,
        "Rouge-L": 0.0837805089146616,
        "LLM-Judge": 10.0
    },
    "ICML2024_01": {
        "PPL": 24.040809631347656,
        "Rouge-L": 0.07362599377808503,
        "LLM-Judge": 9.0
    },
    "ICML2024_02": {
        "PPL": 21.639659881591797,
        "Rouge-L": 0.043972706595905985,
        "LLM-Judge": 10.0
    },
    "NeurIPS2021_01": {
        "PPL": 21.57351303100586,
        "Rouge-L": 0.05438567401757586,
        "LLM-Judge": 10.0
    },
    "NeurIPS2021_03": {
        "PPL": 23.10787010192871,
        "Rouge-L": 0.0593579648697759,
        "LLM-Judge": 9.0
    },
    "NeurIPS2022_01": {
        "PPL": 13.43444538116455,
        "Rouge-L": 0.04857316332726169,
        "LLM-Judge": 10.0
    },
    "NeurIPS2023_01": {
        "PPL": 16.632572174072266,
        "Rouge-L": 0.05900496178087703,
        "LLM-Judge": 9.0
    },
    "NeurIPS2023_02": {
        "PPL": 13.467486381530762,
        "Rouge-L": 0.06915201854355806,
        "LLM-Judge": 9.0
    },
    "NeurIPS2024_01": {
        "PPL": 20.874433517456055,
        "Rouge-L": 0.1404941801102716,
        "LLM-Judge": 9.0
    },
    "NeurIPS2024_02": {
        "PPL": 21.634456634521484,
        "Rouge-L": 0.16498774843452219,
        "LLM-Judge": 10.0
    },
    "NeurIPS2024_03": {
        "PPL": 15.897356986999512,
        "Rouge-L": 0.03971228852193294,
        "LLM-Judge": 10.0
    },
    "average_scores": {
        "PPL": 18.423346454446968,
        "Rouge-L": 0.08447941748483315,
        "LLM-Judge": 9.318181818181818
    }
}