{
    "ACL2022_01": {
        "PPL": 17.5725154876709,
        "Rouge-L": 0.26453488372093026,
        "LLM-Judge": 10.0
    },
    "ACL2022_02": {
        "PPL": 14.246914863586426,
        "Rouge-L": 0.14078351802715777,
        "LLM-Judge": 9.0
    },
    "ACL2023_01": {
        "PPL": 12.4454927444458,
        "Rouge-L": 0.12005510726234993,
        "LLM-Judge": 9.0
    },
    "ACL2023_02": {
        "PPL": 20.297143936157227,
        "Rouge-L": 0.07670364500792394,
        "LLM-Judge": 10.0
    },
    "ACL2023_03": {
        "PPL": 16.646867752075195,
        "Rouge-L": 0.324959914484233,
        "LLM-Judge": 10.0
    },
    "ACL2024_01": {
        "PPL": 12.211917877197266,
        "Rouge-L": 0.19667989895344642,
        "LLM-Judge": 10.0
    },
    "ACL2024_02": {
        "PPL": 14.672656059265137,
        "Rouge-L": 0.6408819808422194,
        "LLM-Judge": 10.0
    },
    "ACL2024_03": {
        "PPL": 13.277170181274414,
        "Rouge-L": 0.14382992858329183,
        "LLM-Judge": 9.0
    },
    "ACL2025_01": {
        "PPL": 19.388853073120117,
        "Rouge-L": 0.16527599486521183,
        "LLM-Judge": 9.0
    },
    "ACL2025_02": {
        "PPL": 16.44454002380371,
        "Rouge-L": 0.19441210710128057,
        "LLM-Judge": 10.0
    },
    "CVPR2022_01": {
        "PPL": 18.41864585876465,
        "Rouge-L": 0.16900478626836113,
        "LLM-Judge": 10.0
    },
    "CVPR2022_02": {
        "PPL": 13.62622356414795,
        "Rouge-L": 0.16398779247202439,
        "LLM-Judge": 9.0
    },
    "CVPR2023_01": {
        "PPL": 19.232717514038086,
        "Rouge-L": 0.1574040874865543,
        "LLM-Judge": 9.0
    },
    "CVPR2023_02": {
        "PPL": 16.41452407836914,
        "Rouge-L": 0.1592626728110599,
        "LLM-Judge": 9.0
    },
    "CVPR2024_01": {
        "PPL": 14.734434127807617,
        "Rouge-L": 0.2037617554858934,
        "LLM-Judge": 9.0
    },
    "CVPR2024_02": {
        "PPL": 18.147279739379883,
        "Rouge-L": 0.0946606688832388,
        "LLM-Judge": 9.0
    },
    "CVPR2024_03": {
        "PPL": 17.654434204101562,
        "Rouge-L": 0.07141955835962144,
        "LLM-Judge": 9.0
    },
    "CVPR2025_01": {
        "PPL": 17.8271484375,
        "Rouge-L": 0.21535393818544368,
        "LLM-Judge": 9.0
    },
    "CVPR2025_02": {
        "PPL": 25.34865379333496,
        "Rouge-L": 0.21282738709012167,
        "LLM-Judge": 9.0
    },
    "CVPR2025_03": {
        "PPL": 15.43475341796875,
        "Rouge-L": 0.2037440139312146,
        "LLM-Judge": 10.0
    },
    "ICLR2022-02": {
        "PPL": 13.27085018157959,
        "Rouge-L": 0.13600572655690768,
        "LLM-Judge": 10.0
    },
    "ICLR2022_01": {
        "PPL": 17.684663772583008,
        "Rouge-L": 0.14390995578185717,
        "LLM-Judge": 9.0
    },
    "ICLR2023_01": {
        "PPL": 19.3990535736084,
        "Rouge-L": 0.161588958087864,
        "LLM-Judge": 9.0
    },
    "ICLR2023_02": {
        "PPL": 21.954195022583008,
        "Rouge-L": 0.14473060515089273,
        "LLM-Judge": 9.0
    },
    "ICLR2023_03": {
        "PPL": 18.033037185668945,
        "Rouge-L": 0.07891052564592083,
        "LLM-Judge": 9.0
    },
    "ICLR2024_01": {
        "PPL": 23.306625366210938,
        "Rouge-L": 0.12070834839176003,
        "LLM-Judge": 10.0
    },
    "ICLR2024_02": {
        "PPL": 15.201223373413086,
        "Rouge-L": 0.14892443463872035,
        "LLM-Judge": 9.0
    },
    "ICLR2025_01": {
        "PPL": 21.069843292236328,
        "Rouge-L": 0.17100868403473615,
        "LLM-Judge": 10.0
    },
    "ICLR2025_02": {
        "PPL": 13.061605453491211,
        "Rouge-L": 0.1608222490931076,
        "LLM-Judge": 9.0
    },
    "ICLR2025_03": {
        "PPL": 14.941927909851074,
        "Rouge-L": 0.21093883114670303,
        "LLM-Judge": 10.0
    },
    "ICML2020_01": {
        "PPL": 26.30922508239746,
        "Rouge-L": 0.18476589797344511,
        "LLM-Judge": 9.0
    },
    "ICML2020_02": {
        "PPL": 12.728863716125488,
        "Rouge-L": 0.08858931150698122,
        "LLM-Judge": 9.0
    },
    "ICML2022_01": {
        "PPL": 16.68849754333496,
        "Rouge-L": 0.059932942162615264,
        "LLM-Judge": 9.0
    },
    "ICML2022_02": {
        "PPL": 16.528322219848633,
        "Rouge-L": 0.0592156862745098,
        "LLM-Judge": 9.0
    },
    "ICML2022_03": {
        "PPL": 29.159099578857422,
        "Rouge-L": 0.2453183520599251,
        "LLM-Judge": 9.0
    },
    "ICML2023_01": {
        "PPL": 22.07847785949707,
        "Rouge-L": 0.1572380789608614,
        "LLM-Judge": 9.0
    },
    "ICML2023_02": {
        "PPL": 18.28392219543457,
        "Rouge-L": 0.17441516138584545,
        "LLM-Judge": 9.0
    },
    "ICML2023_03": {
        "PPL": 21.85700225830078,
        "Rouge-L": 0.21478382147838218,
        "LLM-Judge": 10.0
    },
    "ICML2024_01": {
        "PPL": 22.903003692626953,
        "Rouge-L": 0.1291566265060241,
        "LLM-Judge": 9.0
    },
    "ICML2024_02": {
        "PPL": 27.766450881958008,
        "Rouge-L": 0.12765957446808512,
        "LLM-Judge": 9.0
    },
    "NeurIPS2021_01": {
        "PPL": 15.430200576782227,
        "Rouge-L": 0.12933168316831684,
        "LLM-Judge": 10.0
    },
    "NeurIPS2021_02": {
        "PPL": 25.53255271911621,
        "Rouge-L": 0.2565320665083135,
        "LLM-Judge": 10.0
    },
    "NeurIPS2021_03": {
        "PPL": 15.342193603515625,
        "Rouge-L": 0.16224134773850943,
        "LLM-Judge": 10.0
    },
    "NeurIPS2022_01": {
        "PPL": 16.46199607849121,
        "Rouge-L": 0.13329599551946236,
        "LLM-Judge": 9.0
    },
    "NeurIPS2022_02": {
        "PPL": 19.435760498046875,
        "Rouge-L": 0.10381135992881506,
        "LLM-Judge": 9.0
    },
    "NeurIPS2023_01": {
        "PPL": 14.639533042907715,
        "Rouge-L": 0.07184058730991084,
        "LLM-Judge": 9.0
    },
    "NeurIPS2023_02": {
        "PPL": 16.593814849853516,
        "Rouge-L": 0.15037593984962408,
        "LLM-Judge": 9.0
    },
    "NeurIPS2024_01": {
        "PPL": 19.349655151367188,
        "Rouge-L": 0.13653807311654212,
        "LLM-Judge": 10.0
    },
    "NeurIPS2024_02": {
        "PPL": 22.761367797851562,
        "Rouge-L": 0.22408963585434172,
        "LLM-Judge": 10.0
    },
    "NeurIPS2024_03": {
        "PPL": 12.368724822998047,
        "Rouge-L": 0.10020078401376803,
        "LLM-Judge": 10.0
    },
    "average_scores": {
        "PPL": 18.08369152069092,
        "Rouge-L": 0.16612849768268653,
        "LLM-Judge": 9.38
    }
}